CREATE TABLE usuarios (
                       usuario_id SERIAL PRIMARY KEY,
                       primeiro_nome VARCHAR(50),
                       ultimo_nome VARCHAR(50),
                       email VARCHAR(100)
);

CREATE TABLE produtos (
                          produto_id SERIAL PRIMARY KEY,
                          nome VARCHAR(100),
                          descricao TEXT,
                          preco NUMERIC(10, 2)
);

CREATE TABLE pedidos (
                        pedido_id SERIAL PRIMARY KEY,
                        usuario_id INTEGER REFERENCES usuarios(usuario_id),
                        criado_em TIMESTAMP,
                        status VARCHAR(20),
                        valor_total NUMERIC(10, 2)
);

CREATE TABLE pedidos_produtos (
                            pedido_produto_id SERIAL PRIMARY KEY,
                            pedido_id INTEGER REFERENCES pedidos(pedido_id) ON DELETE CASCADE,
                            produto_id INTEGER REFERENCES produtos(produto_id) ON DELETE CASCADE,
                            quantidade INTEGER NOT NULL
);

INSERT INTO usuarios (usuario_id, primeiro_nome, ultimo_nome, email) VALUES
                                                              (1000, 'Ana', 'Silva', 'ana.silva@exemplo.com'),
                                                              (1001, 'Carlos', 'Santos', 'carlos.santos@exemplo.com'),
                                                              (1002, 'Maria', 'Oliveira', 'maria.oliveira@exemplo.com'),
                                                              (1003, 'João', 'Pereira', 'joao.pereira@exemplo.com'),
                                                              (1004, 'Beatriz', 'Costa', 'beatriz.costa@exemplo.com'),
                                                              (1005, 'Rafael', 'Almeida', 'rafael.almeida@exemplo.com'),
                                                              (1006, 'Camila', 'Rodrigues', 'camila.rodrigues@exemplo.com'),
                                                              (1007, 'Fernando', 'Souza', 'fernando.souza@exemplo.com'),
                                                              (1008, 'Juliana', 'Fernandes', 'juliana.fernandes@exemplo.com'),
                                                              (1009, 'Pedro', 'Martins', 'pedro.martins@exemplo.com'),
                                                              (1010, 'Larissa', 'Lima', 'larissa.lima@exemplo.com'),
                                                              (1011, 'Lucas', 'Barbosa', 'lucas.barbosa@exemplo.com'),
                                                              (1012, 'Mariana', 'Carvalho', 'mariana.carvalho@exemplo.com'),
                                                              (1013, 'Bruno', 'Ribeiro', 'bruno.ribeiro@exemplo.com'),
                                                              (1014, 'Gabriela', 'Dias', 'gabriela.dias@exemplo.com'),
                                                              (1015, 'Thiago', 'Morais', 'thiago.morais@exemplo.com'),
                                                              (1016, 'Natália', 'Castro', 'natalia.castro@exemplo.com'),
                                                              (1017, 'Diego', 'Gonçalves', 'diego.goncalves@exemplo.com'),
                                                              (1018, 'Amanda', 'Reis', 'amanda.reis@exemplo.com'),
                                                              (1019, 'Vítor', 'Araújo', 'vitor.araujo@exemplo.com');
INSERT INTO produtos (produto_id, nome, descricao, preco) VALUES
                                                                (2000, 'iPhone 14 Apple', 'Smartphone Apple mais recente com câmeras avançadas', 4299.00),
                                                                (2001, 'Galaxy S21 Samsung', 'Smartphone Samsung com tela de alta resolução', 3799.00),
                                                                (2002, 'Fone Sony WH-1000XM4', 'Fone de ouvido com cancelamento de ruído', 1899.00),
                                                                (2003, 'Notebook Dell XPS 13', 'Notebook 13 polegadas com processador Intel i7', 5499.00),
                                                                (2004, 'Surface Pro 7 Microsoft', 'Tablet 2 em 1 destacável com teclado', 4099.00),
                                                                (2005, 'Google Pixel 6', 'Smartphone Google com excelente qualidade de câmera', 3299.00),
                                                                (2006, 'Echo Dot 4ª Geração', 'Alto-falante inteligente com controle de voz Alexa', 279.99),
                                                                (2007, 'Câmera Nikon D3500', 'Câmera DSLR para iniciantes com lente do kit', 2449.00),
                                                                (2008, 'Roku Streaming Stick+', 'Dispositivo de streaming 4K HDR com controle remoto', 279.99),
                                                                (2009, 'Fitbit Charge 5', 'Monitor de atividade física com monitoramento cardíaco', 829.95),
                                                                (2010, 'MacBook Air Apple', 'MacBook 13 polegadas com chip M1', 5499.00),
                                                                (2011, 'Alto-falante JBL Flip 5', 'Alto-falante Bluetooth portátil à prova d''água', 659.95),
                                                                (2012, 'Canon EOS Rebel T7', 'Câmera DSLR para iniciantes com recursos fáceis de usar', 2639.99),
                                                                (2013, 'Bose QuietComfort 35 II', 'Fone de ouvido sem fio com cancelamento de ruído', 1649.00),
                                                                (2014, 'TV Samsung QLED 55 pol', 'Smart TV QLED 4K UHD de 55 polegadas', 6599.99),
                                                                (2015, 'Kindle Paperwhite Amazon', 'Leitor digital com tela de alta resolução', 719.99),
                                                                (2016, 'GoPro HERO9', 'Câmera de ação com gravação de vídeo 5K', 2199.99),
                                                                (2017, 'Apple Watch Series 7', 'Smartwatch com monitoramento de saúde e fitness', 2199.00),
                                                                (2018, 'Termostato Nest', 'Termostato inteligente com recursos de economia de energia', 719.99),
                                                                (2019, 'Mouse Logitech MX Master 3', 'Mouse sem fio avançado com botões personalizáveis', 549.99),
                                                                (2020, 'Notebook Gamer Asus ROG', 'Notebook de alta performance para entusiastas de games', 8249.99),
                                                                (2021, 'Impressora HP Envy', 'Impressora colorida multifuncional sem fio', 1099.99),
                                                                (2022, 'Campainha Ring Video', 'Campainha inteligente com monitoramento de vídeo e áudio', 549.99),
                                                                (2023, 'Drone DJI Mavic Air 2', 'Drone compacto com excelentes recursos de câmera', 4399.99),
                                                                (2024, 'Alto-falante Sonos One', 'Alto-falante inteligente com controle de voz e som rico', 1099.00),
                                                                (2025, 'Garmin Forerunner 945', 'Smartwatch GPS avançado para atletas', 3299.00),
                                                                (2026, 'Lâmpada Inteligente Philips Hue', 'Lâmpada LED inteligente com iluminação personalizável', 279.99),
                                                                (2027, 'Nintendo Switch', 'Console de jogos com opções versáteis de gaming', 1649.99),
                                                                (2028, 'Carregador Portátil Anker', 'Carregador portátil com tecnologia de carregamento rápido', 329.99),
                                                                (2029, 'Aspirador Dyson V11', 'Aspirador de pó sem fio potente', 2749.99),
                                                                (2030, 'Localizador Tile Mate', 'Rastreador Bluetooth para localizar seus pertences', 139.99),
                                                                (2031, 'Mouse Gamer Razer DeathAdder', 'Mouse ergonômico para games com rastreamento de precisão', 389.99),
                                                                (2032, 'Galaxy Buds 2 Samsung', 'Fones de ouvido sem fio com cancelamento de ruído', 829.99),
                                                                (2033, 'AirPods Pro Apple', 'Fones de ouvido sem fio com cancelamento ativo de ruído', 1369.00),
                                                                (2034, 'Relógio Inteligente Lenovo', 'Relógio inteligente com Google Assistant integrado', 439.99),
                                                                (2035, 'Sony Alpha a6000', 'Câmera mirrorless compacta com lentes intercambiáveis', 3579.99),
                                                                (2036, 'Soundbar Yamaha YAS-209', 'Soundbar com subwoofer sem fio', 1929.99),
                                                                (2037, 'Roomba i7 iRobot', 'Aspirador robô com mapeamento inteligente e sucção potente', 3299.99),
                                                                (2038, 'TV LG OLED 65 pol', 'Smart TV OLED 4K de 65 polegadas', 13749.99),
                                                                (2039, 'Massageador Theragun Elite', 'Massageador de percussão portátil para recuperação muscular', 2199.00),
                                                                (2040, 'Câmera 360° Ricoh Theta Z1', 'Câmera 360 graus para fotografia imersiva', 5499.99),
                                                                (2041, 'Cafeteira Keurig K-Elite', 'Cafeteira de dose única com recurso de café gelado', 939.99),
                                                                (2042, 'Oculus Quest 2', 'Headset de realidade virtual com tela de alta resolução', 1649.99),
                                                                (2043, 'Monitor Gamer Acer Predator', 'Monitor para games de 27 polegadas com alta taxa de atualização', 2749.99),
                                                                (2044, 'Panela Sous Vide Anova', 'Panela de cozimento sous vide de precisão para cozimento perfeito', 1099.99),
                                                                (2045, 'Localizador Tile Mate', 'Rastreador Bluetooth para localizar seus pertences', 139.99),
                                                                (2046, 'Impressora Canon PIXMA', 'Impressora colorida sem fio para casa e escritório', 439.99),
                                                                (2047, 'Monitor Dell UltraSharp', 'Monitor de 24 polegadas com tela InfinityEdge', 1369.00),
                                                                (2048, 'Teclado Corsair K95 RGB', 'Teclado mecânico para games com iluminação personalizável', 1099.99),
                                                                (2049, 'Kit Segurança Ring Alarm', 'Sistema completo de segurança residencial com recursos inteligentes', 1099.99);
INSERT INTO pedidos (pedido_id, usuario_id, criado_em, status, valor_total) VALUES
                                                                          (3000, 1000, NOW(), 'NOVO', 8097.00),
                                                                          (3001, 1000, NOW(), 'CONCLUIDO', 9598.00),
                                                                          (3002, 1001, NOW(), 'EM_ANDAMENTO', 10176.97),
                                                                          (3003, 1001, NOW(), 'CANCELADO', 5177.99),
                                                                          (3004, 1002, NOW(), 'NOVO', 7158.95),
                                                                          (3005, 1003, NOW(), 'CONCLUIDO', 3799.00),
                                                                          (3006, 1004, NOW(), 'EM_ANDAMENTO', 659.95),
                                                                          (3007, 1005, NOW(), 'CANCELADO', 2639.99),
                                                                          (3008, 1006, NOW(), 'NOVO', 4947.00),
                                                                          (3009, 1007, NOW(), 'CONCLUIDO', 6599.99),
                                                                          (3010, 1008, NOW(), 'EM_ANDAMENTO', 1439.98),
                                                                          (3011, 1009, NOW(), 'CANCELADO', 8799.96),
                                                                          (3012, 1010, NOW(), 'NOVO', 2199.00),
                                                                          (3013, 1011, NOW(), 'CONCLUIDO', 3599.95),
                                                                          (3014, 1012, NOW(), 'EM_ANDAMENTO', 1099.98),
                                                                          (3015, 1013, NOW(), 'CANCELADO', 16499.98),
                                                                          (3016, 1014, NOW(), 'NOVO', 1099.99),
                                                                          (3017, 1015, NOW(), 'CONCLUIDO', 1649.97),
                                                                          (3018, 1016, NOW(), 'EM_ANDAMENTO', 4399.99),
                                                                          (3019, 1017, NOW(), 'CANCELADO', 2198.00),
                                                                          (3020, 1018, NOW(), 'NOVO', 10458.99),
                                                                          (3021, 1019, NOW(), 'CONCLUIDO', 2769.96),
                                                                          (3022, 1000, NOW(), 'EM_ANDAMENTO', 4949.98),
                                                                          (3023, 1001, NOW(), 'CANCELADO', 13079.99),
                                                                          (3024, 1010, NOW(), 'NOVO', 7949.98),
                                                                          (3025, 1005, NOW(), 'CONCLUIDO', 139.99),
                                                                          (3026, 1012, NOW(), 'EM_ANDAMENTO', 779.98),
                                                                          (3027, 1003, NOW(), 'CANCELADO', 829.99),
                                                                          (3028, 1004, NOW(), 'NOVO', 4107.00),
                                                                          (3029, 1011, NOW(), 'CONCLUIDO', 439.99);

INSERT INTO pedidos_produtos (pedido_produto_id, pedido_id, produto_id, quantidade) VALUES
                                                                                (4000, 3000, 2000, 1),
                                                                                (4001, 3000, 2002, 2),
                                                                                (4002, 3001, 2003, 1),
                                                                                (4003, 3001, 2004, 1),
                                                                                (4004, 3002, 2005, 3),
                                                                                (4005, 3002, 2006, 1),
                                                                                (4006, 3003, 2007, 2),
                                                                                (4007, 3003, 2008, 1),
                                                                                (4008, 3004, 2009, 2),
                                                                                (4009, 3004, 2010, 1),
                                                                                (4010, 3005, 2001, 1),
                                                                                (4011, 3006, 2011, 1),
                                                                                (4012, 3007, 2012, 1),
                                                                                (4013, 3008, 2013, 3),
                                                                                (4014, 3009, 2014, 1),
                                                                                (4015, 3010, 2015, 2),
                                                                                (4016, 3011, 2016, 4),
                                                                                (4017, 3012, 2017, 1),
                                                                                (4018, 3013, 2018, 5),
                                                                                (4019, 3014, 2019, 2),
                                                                                (4020, 3015, 2020, 2),
                                                                                (4021, 3016, 2021, 1),
                                                                                (4022, 3017, 2022, 3),
                                                                                (4023, 3018, 2023, 1),
                                                                                (4024, 3019, 2024, 2),
                                                                                (4025, 3020, 2025, 1),
                                                                                (4026, 3021, 2026, 3),
                                                                                (4027, 3022, 2027, 1),
                                                                                (4028, 3023, 2028, 1),
                                                                                (4029, 3024, 2029, 2),
                                                                                (4030, 3025, 2030, 1),
                                                                                (4031, 3026, 2031, 2),
                                                                                (4032, 3027, 2032, 1),
                                                                                (4033, 3028, 2033, 3),
                                                                                (4034, 3029, 2034, 1),
                                                                                (4035, 3020, 2035, 2),
                                                                                (4036, 3021, 2036, 1),
                                                                                (4037, 3022, 2037, 1),
                                                                                (4038, 3023, 2038, 1),
                                                                                (4039, 3024, 2039, 1);